{
    "answers": {
        "phase": "coding", 
        "action": "code management",
        "scope": "frontend",
        "action experience": 4,
        "language": "js",
        "other language": "<fill in>",
        "aimodel": "chatgpt",
        "aimodel version": "4.0",
        "open source aimodel": "<fill in>",
        "tool option": "online full", 
        "experience with tool": 4,
        "time allocated (h)": "0.2",
        "time saved estimate (h)": "0.2", 
        "quality of ai help": 3,
        "knowledge acquired": 4,
        "generic feeling - now": 5,
        "generic feeling - future": 4,
        "threat level": 1,
        "notes": "<fill in>"
    }
}