{
    "answers": {
        "phase": "coding",
        "action": "source code authoring",
        "scope": "frontend",
        "action experience": 2,
        "language": "js",
        "other language": "<fill in>",
        "aimodel": "gemini",
        "aimodel version": "2.0",
        "open source aimodel": "<fill in>",
        "tool option": "online free",
        "experience with tool": 4,
        "time allocated (h)": "0.25",
        "time saved estimate (h)": "1", 
        "quality of ai help": 5,
        "knowledge acquired": 4,
        "generic feeling - now": 3,
        "generic feeling - future": 4,
        "threat level": 1,
        "notes": "<fill in>"
    }
}