username,password,type
normal0000,5819fbfc08310b4bdf65bd71e29d0adf89a84c764de222cad0f6e54cace4e46a,0
normal0001,94467cb4c9b79e45027196260f482b86e1ae0ab5d8309eca465dfb15ba43bb0f,0
normal0002,62f4e363e55114cb0d0b0b399f2f691cc4f167a7094cf8c90fde5f46b2ba3e93,0
normal0003,792c9a1bf32751f87e53daf81aefb375b912f284f7f016b49851298510f892d9,0
normal0004,1bc77541d7284988fad466a4b76751d0b0387b6f8398359a8166edb33beb6381,0
normal0005,dd536dede271153bf9543f67239e2bc28bbdd82078c7ed84218f8d45ed01b690,0
normal0006,d8a31208f46fc338dcb140ef277bd17d2e02e17da85b1f0cae40a250c5a0170e,0
normal0007,a081a31747abf0f705e79f7410b1d9db8fdf9b7b11999dd38daaeeb6014aa718,0
normal0008,ff8dd6d891f4673c49446a9642166e5be79d4b383ea6e5df3a03ea2befbd4787,0
normal0009,07200fcedf192a8c1f034ce63d27fe6ad828d5b3217703bbbde54b2f32b8e37d,0
normal0010,59c51a95a5008008a41f1eef975a93849662c31f0a0752f8bc31aa06869b7f15,0
normal0011,82ad37c651690b4824bea4ab2cf273a14895a8b1301fc65174140e86335c4fe0,0
normal0012,79855e01def4af5b1c678b1075e7b23db4212c9325f077b1d443d72a1ce742b4,0
normal0013,c112fa252e34d11ac2c86cfdaf77e646d60aecf7796f2b9f4f528a7d9b00ca36,0
normal0014,b33247603b5baa47bcd7e80198d8c8cae14f8d58d590961ae182c644bec6fb81,0
normal0015,edcaebebda2c1c5ab361b6776d8593783fa290545ebfcf7c54e1ee6ab9351993,0
normal0016,6f2bc9e30e7a4fe5d01a5b96cda6c5aa7a4b768d16cbee193b6d48b7c5666f73,0
normal0017,a5a8dac602f437799e1ede109c908e1269918a206b9e826dfc3e9fd46967f153,0
normal0018,03e43fa4363d5cb8e076ff517d5a163bfa212dc0b181c5c843c5e6df2f04d360,0
normal0019,67df8889fc467cd9764d19f71fd3cd17fb7d62fb8e1b0664e04e15e16934ce4b,0
normal0020,0e1c001bb4bc40c1d8f30753d5502cbda44aeb180524e1aa214ff0c98d0ec941,0
normal0021,f959159db2e0d5cda949d599f83cfa55d39b354925d6e9387d1c03b2aacf5243,0
normal0022,af4bf83b3cbb82106736a55a7c4adb1e629b9b29e06d974ecc690369d20a37e0,0
normal0023,17db334335404e5e4d99dedf9f5197a74a7f7051cccaa3414a0e120d6950aeb0,0
normal0024,a7a6e7b2b53aabce2570c5ca8854aff835068920f93a550c1284b1d782a2eb7d,0
normal0025,08e1a62f9e63aeb23ffd8975d401d64a7385d20ab5ed21e9a7be7ff4bbffcdfd,0
normal0026,8813968b9579e03b5316910789551bf8c64df8a0bde1bcdc663ec10ae2e34ba9,0
normal0027,a8dbc5b136c56210a0925bbaaa176fe5fa2d12f1a28908a6aa12b78f585481d6,0
normal0028,a0b9de7787c2967fb20351620f2ca0d493bb22a77b4f3697b80159ec5dc5375d,0
normal0029,50d2efeb3f4a74546c771875366da2aa59874ea5a1838c18efa56d7ab0f9a054,0
normal0030,6334c411e831d3dba0977eea33114b11f189a610e016f18316e84c51273b8034,0
normal0031,b015fd7af122c2dccfc8e9936a17d888b9a75d1033a30af8e81880c54c4500ad,0
normal0032,4c261423466e4850c0bc4b9e671f2b0b31fd7fcdb17c92e13ee080728df4b586,0
normal0033,04d7a810ddc1851b53e4cd85109bbcf3c50316e0753772dcd65d7ce356b42601,0
normal0034,b0e8cf72edf9e2a5469aabab56c8c6763d6bd31151346f1744818dd8888c658e,0
normal0035,832ffd72ab0c3bb019355d9f740bb10f35ae53b15362dd6807d7a67920bfa609,0
normal0036,406dcc548d567a3cb3b0bc56b43efdf37efec8871a60708767220b542479874b,0
normal0037,7f5a0034569c27ea4396c3ab817bbdab915ac7bf207fcc41c956d245253566dd,0
normal0038,c6aeafcede3e47f95ab19a90fa95da8b1534c420ea073441335f56ef0bd8694f,0
normal0039,298429717707cd454081d67f052a92bb1e4286260a12e053a68f52c75632fb09,0
operator0000,6500a0ebbd6b3c447fcbd500ce4cf93517289d96ff516b7a58a4969465dad8a1,1
operator0001,5e5e7d170c4b8761aaebff463a6bbdf119fd59b4a0aaddea3ad8b12467172116,1
operator0002,38d991afa09706f40c37c7c836a7c3a7240fb071686cdcf69a52d15c3000e31e,1
operator0003,f3f792b49b8bb168f099faedc48eaa11014069a624840f6215c61120232fb8a2,1
operator0004,974baf147d8eabf0dba1f346a6f440df9cd88a280fcd4ebf092c6115fdb533e7,1
operator0005,488edbc7f69e3c3b7eb191383679df1ad5f59e9cd2780ba021687340e85d601f,1
operator0006,877229c3a7fbdcb458f0267dcd21d158227ce1d02b2a69609416b05f3d50db7d,1
operator0007,320103c76b5f88bcf8aaf827deab5b2e170a7e78976afddd07914cf37544d450,1
operator0008,11953c17b0115683a598ef7b158a070bfbb5676966f1b7eeda017483015f4a21,1
operator0009,2aa8f90d84d5ddb4c619138a1ad46156d5bbe8f328ca204f6c3ecb5a11eee093,1
analyst0000,fff80a508905892504f1c1248521e0133cc66b8df00dd94487333ff1187dc217,2
analyst0001,e009e0249fee8d815f899976d930a5d43f9aff7fa0b668f22dcbc9810bdb8e20,2
analyst0002,c492b1f2d5f996900b41c6c152ebbb73e166d46190400acceb2f5dc39ed99f6c,2
analyst0003,484c821441f79bed12f46e701d8a943925afdc72b239e99b66c75963be898913,2
analyst0004,afa1e80b64965495514269a314cb8b7ded2ace8b1efb8ba3727e584120339ab3,2
analyst0005,0a52e7638389a4e98e0c92c5eed9ef3753a9daeb7beb82ce9202adade33a59e3,2
analyst0006,98278b158a3f9c00b4ff0d05f27497e3b8e3ae2a7bfaf86534b81a199f4b94f3,2
analyst0007,62c5db3847688cd66b98939357dab6e0ca4dcca52271cac0cc071b12dd2e6adb,2
analyst0008,f45b5e7fd373ebc6c6fc1246a78befdd9912b534af29de63ab04c50e974dbc83,2
analyst0009,389d0e3230982407f0a4466702d28bdaebd05fb9bb5855bb09d05d2dce6a86ba,2
admin0000,14d629e9e21b3793402b03f29a29ee9acf48bf6d9fbffc052082d2af3103cd23,3
admin0001,24ae8011effab95afaac4c4e9c414b1b90b1dd991e2584876b3a589ea7f2a5c0,3
admin0002,5b9bf1540c80b8d5a0613bedc51058397fa0f4aa667fa7d0998ade4b6095624f,3
admin0003,b3c892533e92458a3ecce79ffa0c24a263307fc4bacb4f3718383d6ebde44271,3
admin0004,17941edb81833de3f0d0a729825a7265d02163ab50e2c88c8eb1b723a68b7613,3
admin0005,89de432fbec0009512ebff9a6a5773c666d23ba39a10ce538d13dc6d9e06c6d2,3
admin0006,fb761d589bf43e83267889a2eda20eb91ee9b0341a541ddf97910969a7598b55,3
admin0007,21d33db2edbdf120ed6a22119cfa75b4decfaebd2d2478ffd9b6cc6e3061c117,3
admin0008,14026a68c7880f596e93727ce4ae4fd11bc824b47dd83a037b07964e64023104,3
admin0009,f4daa0ee2e71405ff0be965a08b7092162abe1b55eeeb3f056fa25785e2d215e,3
