{
    "answers": {
        "phase":  "coding", 
        "action": "code management",
        "scope": "data management", 
        "action experience": 5,
        "language": "js",
        "other language": "<fill in>",
        "aimodel": "chatgpt",
        "aimodel version": "4ο",
        "open source aimodel": "<fill in>",
        "tool option": "online full",
        "experience with tool": 5,
        "time allocated (h)": "0.2",
        "time saved estimate (h)": "0.4", 
        "quality of ai help":  4,
        "knowledge acquired": 4,
        "generic feeling - now": 5,
        "generic feeling - future": 5,
        "threat level": 0,
        "notes": "<fill in>"
    }
}