{
    "answers": {
        "phase": "requirements specification",
        "action": "use case specification",
        "scope": "uml sequence",
        "action experience": 3,
        "language": "n/a",
        "other language": "<fill in>",
        "aimodel": "chatgpt",
        "aimodel version": "4.0",
        "open source aimodel": "<fill in>",
        "tool option": "online full",
        "experience with tool": 4,
        "time allocated (h)": "0.5",
        "time saved estimate (h)": "1", 
        "quality of ai help": 4,
        "knowledge acquired": 3,
        "generic feeling - now": 5,
        "generic feeling - future": 5,
        "threat level": 0,
        "notes": "<fill in>"
    }
}