{
    "answers": {
        "phase": "coding",
        "action": "code management",
        "scope": "frontend",
        "action experience": 5,
        "language":  "js",
        "other language": "<fill in>",
        "aimodel": "chatgpt", 
        "aimodel version": "o1",
        "open source aimodel": "<fill in>",
        "tool option":  "online full",
        "experience with tool":  5,
        "time allocated (h)": "0.4",
        "time saved estimate (h)": "0.9", 
        "quality of ai help":  5,
        "knowledge acquired":  5,
        "generic feeling - now":  5,
        "generic feeling - future": 5,
        "threat level": 0, 
        "notes": "<fill in>"
    }
}