{
    "answers": {
        "phase": "coding",
        "action": "functional testing",
        "scope": "frontend",
        "action experience": 3,
        "language": "js",
        "other language": "<fill in>",
        "aimodel": "gemini",
        "aimodel version": "2.0",
        "open source aimodel": "<fill in>",
        "tool option": "online free",
        "experience with tool": 4,
        "time allocated (h)": "0.2",
        "time saved estimate (h)": "1.5", 
        "quality of ai help": 4,
        "knowledge acquired": 3, 
        "generic feeling - now": 3,
        "generic feeling - future": 3,
        "threat level": 2,
        "notes": "<fill in>"
    }
}