{
    "answers": {
        "phase": "coding",
        "action": "code management",
        "scope": "data management",
        "action experience": 3,
        "language": "other",
        "other language": "psql",
        "aimodel": "gemini",
        "aimodel version": "2.0",
        "open source aimodel": "<fill in>",
        "tool option": "online free",
        "experience with tool": 4,
        "time allocated (h)": "0.2",
        "time saved estimate (h)": "1", 
        "quality of ai help": 4,
        "knowledge acquired": 3,
        "generic feeling - now": 3,
        "generic feeling - future": 4,
        "threat level": 1,
        "notes": "<fill in>"
    }
}