{
    "answers": {
        "phase": "testing", 
        "action": "functional testing",
        "scope": "deployment scripts",
        "action experience": 3,
        "language": "js",
        "other language": "<fill in>",
        "aimodel": "chatgpt",
        "aimodel version": "o3-mini-high",
        "open source aimodel": "<fill in>",
        "tool option": "online full", 
        "experience with tool": 4,
        "time allocated (h)": "0.1",
        "time saved estimate (h)": "1", 
        "quality of ai help": 4,
        "knowledge acquired": 5,
        "generic feeling - now": 3,
        "generic feeling - future": 4,
        "threat level": 2,
        "notes": "<fill in>"
    }
}