{
    "answers": {
        "phase": "testing",
        "action": "functional testing",
        "scope": "deployment scripts",
        "action experience": 2,
        "language": "js",
        "other language": "<fill in>",
        "aimodel": "gemini",
        "aimodel version": "2.0",
        "open source aimodel": "<fill in>",
        "tool option": "online free",
        "experience with tool": 4,
        "time allocated (h)": "0.4",
        "time saved estimate (h)": "1.5", 
        "quality of ai help": 3,
        "knowledge acquired": 2,
        "generic feeling - now": 3,
        "generic feeling - future": 3,
        "threat level": 2,
        "notes": "<fill in>"
    }
}