{
    "answers": {
        "phase": "testing",
        "action": "performance testing",
        "scope": "data management",
        "action experience": 3,
        "language": "other",
        "other language": "psql",
        "aimodel": "gemini",
        "aimodel version": "2.0",
        "open source aimodel": "<fill in>",
        "tool option": "online full",
        "experience with tool":4,
        "time allocated (h)": "0.2",
        "time saved estimate (h)": "0.75", 
        "quality of ai help": 5,
        "knowledge acquired": 5,
        "generic feeling - now": 4,
        "generic feeling - future": 5,
        "threat level": 0,
        "notes": "<fill in>"
    }
}