{
    "answers": {
        "phase": "coding",
        "action": "functional requirements",
        "scope": "frontend",
        "action experience": 4,
        "language": "java",
        "other language": "<fill in>",
        "aimodel": "chatgpt",
        "aimodel version": "4",
        "open source aimodel": "<fill in>",
        "tool option": "online full",
        "experience with tool": 4,
        "time allocated (h)": "0.2",
        "time saved estimate (h)": "1",
        "quality of ai help": 4,
        "knowledge acquired": 3,
        "generic feeling - now": 4,
        "generic feeling - future": 3,
        "threat level": 2,
        "notes": "<fill in>"
    }
}
